{"cameraMode":{"drawMode":0,"name":"Shaded","section":"Shading Mode"},"sceneLighting":false,"audioPlay":false,"sceneViewState":{"showFog":true,"showMaterialUpdate":false,"showSkybox":true,"showFlares":true,"showImageEffects":true,"showParticleSystems":true},"in2DMode":false,"pivot":{"x":0.9246305227279663,"y":0.5170221328735352,"z":0.1975545883178711},"rotation":{"x":0.20873042941093446,"y":0.017904313281178476,"z":-0.003835767274722457,"w":0.9778204560279846},"size":13.920700073242188,"orthographic":false}