{"cameraMode":{"drawMode":0,"name":"Shaded","section":"Shading Mode"},"sceneLighting":true,"audioPlay":false,"sceneViewState":{"showFog":true,"showMaterialUpdate":false,"showSkybox":true,"showFlares":true,"showImageEffects":true,"showParticleSystems":true},"in2DMode":false,"pivot":{"x":2.627974271774292,"y":8.184691429138184,"z":6.440614700317383},"rotation":{"x":0.22048062086105348,"y":-0.007015693001449108,"z":0.00157123152166605,"w":0.9753839373588562},"size":11.525370597839356,"orthographic":false}