{"cameraMode":{"drawMode":0,"name":"Shaded","section":"Shading Mode"},"sceneLighting":true,"audioPlay":false,"sceneViewState":{"showFog":true,"showMaterialUpdate":false,"showSkybox":true,"showFlares":true,"showImageEffects":true,"showParticleSystems":true},"in2DMode":false,"pivot":{"x":-12.217325210571289,"y":-63.50776672363281,"z":-14.466583251953125},"rotation":{"x":0.15715155005455018,"y":-0.00858298223465681,"z":0.0013515450991690159,"w":0.9875546097755432},"size":356.97515869140627,"orthographic":false}